Name,Time,X,Y
D–3188,09/07/2021,354193.886930 ,6031194.400857 
